<?xml version="1.0"?>
<!--<!DOCTYPE metadata SYSTEM "http://www.esri.com/metadata/esriprof80.dtd">-->
<metadata xml:lang="en"><Esri><CreaDate>20140527</CreaDate><CreaTime>17060500</CreaTime><SyncOnce>FALSE</SyncOnce><SyncDate>20140531</SyncDate><SyncTime>07281000</SyncTime><ModDate>20140531</ModDate><ModTime>07281000</ModTime><DataProperties><lineage><Process ToolSource="C:\arcgis\desktop\ArcGIS\ArcToolbox\Toolboxes\Data Management Tools.tbx\SelectLayerByLocation" Date="20090925" Time="110351">SelectLayerByLocation RegulatedArea2000UrbanizedArea INTERSECT State_Boundary_polys # NEW_SELECTION RegulatedArea2000UrbanizedArea</Process><Process ToolSource="C:\arcgis\desktop\ArcGIS\ArcToolbox\Toolboxes\Data Management Tools.tbx\SelectLayerByLocation" Date="20091027" Time="121719">SelectLayerByLocation RegulatedArea2000UrbanizedArea INTERSECT State_Boundary_polys # NEW_SELECTION RegulatedArea2000UrbanizedArea</Process><Process ToolSource="C:\arcgis\desktop\ArcGIS\ArcToolbox\Toolboxes\Data Management Tools.tbx\SelectLayerByLocation" Date="20091027" Time="125807">SelectLayerByLocation RegulatedArea2000UrbanizedArea INTERSECT State_Boundary_polys # NEW_SELECTION RegulatedArea2000UrbanizedArea</Process><Process ToolSource="C:\arcgis\desktop\ArcGIS\ArcToolbox\Toolboxes\Data Management Tools.tbx\SelectLayerByLocation" Date="20091027" Time="130012">SelectLayerByLocation RegulatedArea2000UrbanizedArea INTERSECT State_Boundary_polys # NEW_SELECTION RegulatedArea2000UrbanizedArea</Process><Process ToolSource="C:\arcgis\desktop\ArcGIS\ArcToolbox\Toolboxes\Data Management Tools.tbx\SelectLayerByLocation" Date="20091028" Time="074316">SelectLayerByLocation RegulatedArea2000UrbanizedArea INTERSECT State_Boundary_polys # NEW_SELECTION RegulatedArea2000UrbanizedArea</Process><Process ToolSource="C:\arcgis\desktop\ArcGIS\ArcToolbox\Toolboxes\Data Management Tools.tbx\SelectLayerByLocation" Date="20091028" Time="075852">SelectLayerByLocation RegulatedArea2000UrbanizedArea INTERSECT State_Boundary_polys # NEW_SELECTION RegulatedArea2000UrbanizedArea</Process><Process ToolSource="C:\arcgis\desktop\ArcGIS\ArcToolbox\Toolboxes\Data Management Tools.tbx\SelectLayerByLocation" Date="20091028" Time="080003">SelectLayerByLocation RegulatedArea2000UrbanizedArea INTERSECT State_Boundary_polys # NEW_SELECTION RegulatedArea2000UrbanizedArea</Process><Process ToolSource="C:\arcgis\desktop\ArcGIS\ArcToolbox\Toolboxes\Data Management Tools.tbx\SelectLayerByLocation" Date="20091028" Time="080346">SelectLayerByLocation RegulatedArea2000UrbanizedArea INTERSECT State_Boundary_polys # NEW_SELECTION RegulatedArea2000UrbanizedArea</Process><Process ToolSource="C:\arcgis\desktop\ArcGIS\ArcToolbox\Toolboxes\Data Management Tools.tbx\SelectLayerByLocation" Date="20091028" Time="081128">SelectLayerByLocation RegulatedArea2000UrbanizedArea INTERSECT State_Boundary_polys # NEW_SELECTION RegulatedArea2000UrbanizedArea</Process><Process ToolSource="C:\arcgis\desktop\ArcGIS\ArcToolbox\Toolboxes\Data Management Tools.tbx\SelectLayerByLocation" Date="20091028" Time="082542">SelectLayerByLocation RegulatedArea2000UrbanizedArea INTERSECT State_Boundary_polys # NEW_SELECTION RegulatedArea2000UrbanizedArea</Process><Process ToolSource="C:\arcgis\desktop\ArcGIS\ArcToolbox\Toolboxes\Data Management Tools.tbx\SelectLayerByLocation" Date="20091028" Time="083250">SelectLayerByLocation RegulatedArea2000UrbanizedArea INTERSECT State_Boundary_polys # NEW_SELECTION RegulatedArea2000UrbanizedArea</Process><Process ToolSource="C:\arcgis\desktop\ArcGIS\ArcToolbox\Toolboxes\Data Management Tools.tbx\SelectLayerByLocation" Date="20091028" Time="083558">SelectLayerByLocation RegulatedArea2000UrbanizedArea INTERSECT State_Boundary_polys # NEW_SELECTION RegulatedArea2000UrbanizedArea</Process><Process ToolSource="C:\arcgis\desktop\ArcGIS\ArcToolbox\Toolboxes\Data Management Tools.tbx\SelectLayerByLocation" Date="20091028" Time="083948">SelectLayerByLocation RegulatedArea2000UrbanizedArea INTERSECT State_Boundary_polys # NEW_SELECTION RegulatedArea2000UrbanizedArea</Process><Process ToolSource="C:\arcgis\desktop\ArcGIS\ArcToolbox\Toolboxes\Data Management Tools.tbx\SelectLayerByLocation" Date="20091028" Time="084956">SelectLayerByLocation RegulatedArea2000UrbanizedArea INTERSECT State_Boundary_polys # NEW_SELECTION RegulatedArea2000UrbanizedArea</Process><Process ToolSource="C:\arcgis\desktop\ArcGIS\ArcToolbox\Toolboxes\Data Management Tools.tbx\SelectLayerByLocation" Date="20091028" Time="085441">SelectLayerByLocation RegulatedArea2000UrbanizedArea INTERSECT State_Boundary_polys # NEW_SELECTION RegulatedArea2000UrbanizedArea</Process><Process ToolSource="C:\arcgis\desktop\ArcGIS\ArcToolbox\Toolboxes\Data Management Tools.tbx\SelectLayerByLocation" Date="20091028" Time="090021">SelectLayerByLocation RegulatedArea2000UrbanizedArea INTERSECT State_Boundary_polys # NEW_SELECTION RegulatedArea2000UrbanizedArea</Process><Process ToolSource="C:\arcgis\desktop\ArcGIS\ArcToolbox\Toolboxes\Data Management Tools.tbx\SelectLayerByLocation" Date="20091117" Time="084621">SelectLayerByLocation RegulatedArea2000UrbanizedArea INTERSECT State_Boundary_polys # NEW_SELECTION RegulatedArea2000UrbanizedArea</Process><Process ToolSource="C:\arcgis\desktop\ArcGIS\ArcToolbox\Toolboxes\Data Management Tools.tbx\SelectLayerByLocation" Date="20091215" Time="093815">SelectLayerByLocation RegulatedArea2000UrbanizedArea INTERSECT State_Boundary_polys # NEW_SELECTION RegulatedArea2000UrbanizedArea</Process><Process ToolSource="C:\arcgis\desktop\ArcGIS\ArcToolbox\Toolboxes\Data Management Tools.tbx\SelectLayerByLocation" Date="20100201" Time="083640">SelectLayerByLocation RegulatedArea2000UrbanizedArea INTERSECT State_Boundary_polys # NEW_SELECTION RegulatedArea2000UrbanizedArea</Process><Process ToolSource="c:\arcgis\desktop10.1\ArcToolbox\Toolboxes\Analysis Tools.tbx\Clip" Date="20140527" Time="170846">Clip temp_epa_2000 MEGIS.Metwp24P G:\gis\web_site\gis\datamaps\lawb_municipal_separate_stormwater_sewer_systems\temp_epa_clip_2000.shp #</Process><Process ToolSource="c:\arcgis\desktop10.1\ArcToolbox\Toolboxes\Data Management Tools.tbx\Merge" Date="20140527" Time="171448">Merge temp_epa_clip_2000;temp_epa_clip G:\gis\web_site\gis\datamaps\lawb_municipal_separate_stormwater_sewer_systems\urban_2000_2010_area.shp "UA "UA" true true false 5 Text 0 0 ,First,#,temp_epa_clip_2000,UA,-1,-1;NAME "NAME" true true false 90 Text 0 0 ,First,#,temp_epa_clip_2000,NAME,-1,-1;UA_TYPE "UA_TYPE" true true false 2 Text 0 0 ,First,#,temp_epa_clip_2000,UA_TYPE,-1,-1;UACE10 "UACE10" true true false 5 Text 0 0 ,First,#,temp_epa_clip,UACE10,-1,-1;GEOID10 "GEOID10" true true false 5 Text 0 0 ,First,#,temp_epa_clip,GEOID10,-1,-1;NAME10 "NAME10" true true false 100 Text 0 0 ,First,#,temp_epa_clip,NAME10,-1,-1;NAMELSAD10 "NAMELSAD10" true true false 100 Text 0 0 ,First,#,temp_epa_clip,NAMELSAD10,-1,-1;LSAD10 "LSAD10" true true false 2 Text 0 0 ,First,#,temp_epa_clip,LSAD10,-1,-1;MTFCC10 "MTFCC10" true true false 5 Text 0 0 ,First,#,temp_epa_clip,MTFCC10,-1,-1;UATYP10 "UATYP10" true true false 1 Text 0 0 ,First,#,temp_epa_clip,UATYP10,-1,-1;FUNCSTAT10 "FUNCSTAT10" true true false 1 Text 0 0 ,First,#,temp_epa_clip,FUNCSTAT10,-1,-1;ALAND10 "ALAND10" true true false 14 Double 0 14 ,First,#,temp_epa_clip,ALAND10,-1,-1;AWATER10 "AWATER10" true true false 14 Double 0 14 ,First,#,temp_epa_clip,AWATER10,-1,-1;INTPTLAT10 "INTPTLAT10" true true false 11 Text 0 0 ,First,#,temp_epa_clip,INTPTLAT10,-1,-1;INTPTLON10 "INTPTLON10" true true false 12 Text 0 0 ,First,#,temp_epa_clip,INTPTLON10,-1,-1"</Process><Process ToolSource="c:\arcgis\desktop10.1\ArcToolbox\Toolboxes\Data Management Tools.tbx\CalculateField" Date="20140531" Time="070709">CalculateField urban_2000_2010_area UA [UACE10] VB #</Process><Process ToolSource="c:\arcgis\desktop10.1\ArcToolbox\Toolboxes\Data Management Tools.tbx\CalculateField" Date="20140531" Time="070740">CalculateField urban_2000_2010_area NAME [NAME10] VB #</Process><Process ToolSource="c:\arcgis\desktop10.1\ArcToolbox\Toolboxes\Data Management Tools.tbx\CalculateField" Date="20140531" Time="070759">CalculateField urban_2000_2010_area UA_TYPE "UA" VB #</Process><Process ToolSource="c:\arcgis\desktop10.1\ArcToolbox\Toolboxes\Data Management Tools.tbx\Dissolve" Date="20140531" Time="072811">Dissolve urban_2000_2010_area G:\gis\web_site\gis\datamaps\lawb_municipal_separate_stormwater_sewer_systems\RegulatedArea2000_2010UrbanizedArea.shp UA # MULTI_PART DISSOLVE_LINES</Process><Process ToolSource="c:\arcgis\desktop10.1\ArcToolbox\Toolboxes\Data Management Tools.tbx\CalculateField" Date="20140531" Time="073155">CalculateField RegulatedArea2000_2010UrbanizedArea UA_TYPE "UA" VB #</Process></lineage><itemProps><itemName Sync="TRUE">RegulatedArea2000_2010UrbanizedArea</itemName><imsContentType Sync="TRUE">002</imsContentType><itemSize Sync="TRUE">0.000</itemSize><itemLocation><linkage Sync="TRUE">file://\\oit-isaefsemc01.som.w2k.state.me.us\dep-gis\workspace\gis\web_site\gis\datamaps\lawb_municipal_separate_stormwater_sewer_systems\RegulatedArea2000_2010UrbanizedArea.shp</linkage><protocol Sync="TRUE">Local Area Network</protocol></itemLocation></itemProps><coordRef><type Sync="TRUE">Geographic</type><geogcsn Sync="TRUE">GCS_WGS_1984</geogcsn><csUnits Sync="TRUE">Angular Unit: Degree (0.017453)</csUnits><peXml Sync="TRUE">&lt;GeographicCoordinateSystem xsi:type='typens:GeographicCoordinateSystem' xmlns:xsi='http://www.w3.org/2001/XMLSchema-instance' xmlns:xs='http://www.w3.org/2001/XMLSchema' xmlns:typens='http://www.esri.com/schemas/ArcGIS/10.1'&gt;&lt;WKT&gt;GEOGCS[&amp;quot;GCS_WGS_1984&amp;quot;,DATUM[&amp;quot;D_WGS_1984&amp;quot;,SPHEROID[&amp;quot;WGS_1984&amp;quot;,6378137.0,298.257223563]],PRIMEM[&amp;quot;Greenwich&amp;quot;,0.0],UNIT[&amp;quot;Degree&amp;quot;,0.0174532925199433],AUTHORITY[&amp;quot;EPSG&amp;quot;,4326]]&lt;/WKT&gt;&lt;XOrigin&gt;-400&lt;/XOrigin&gt;&lt;YOrigin&gt;-400&lt;/YOrigin&gt;&lt;XYScale&gt;11258999068426.238&lt;/XYScale&gt;&lt;ZOrigin&gt;-100000&lt;/ZOrigin&gt;&lt;ZScale&gt;10000&lt;/ZScale&gt;&lt;MOrigin&gt;-100000&lt;/MOrigin&gt;&lt;MScale&gt;10000&lt;/MScale&gt;&lt;XYTolerance&gt;8.983152841195215e-009&lt;/XYTolerance&gt;&lt;ZTolerance&gt;0.001&lt;/ZTolerance&gt;&lt;MTolerance&gt;0.001&lt;/MTolerance&gt;&lt;HighPrecision&gt;true&lt;/HighPrecision&gt;&lt;LeftLongitude&gt;-180&lt;/LeftLongitude&gt;&lt;WKID&gt;4326&lt;/WKID&gt;&lt;LatestWKID&gt;4326&lt;/LatestWKID&gt;&lt;/GeographicCoordinateSystem&gt;</peXml></coordRef></DataProperties><ArcGISFormat>1.0</ArcGISFormat></Esri><idinfo><native Sync="TRUE">Microsoft Windows 2000 Version 5.2 (Build 3790) Service Pack 2; ESRI ArcCatalog 9.2.2.1350</native><descript><langdata Sync="TRUE">en</langdata><abstract>REQUIRED: A brief narrative summary of the data set.</abstract><purpose>REQUIRED: A summary of the intentions with which the data set was developed.</purpose></descript><citation><citeinfo><origin>REQUIRED: The name of an organization or individual that developed the data set.</origin><pubdate>REQUIRED: The date when the data set is published or otherwise made available for release.</pubdate><title Sync="TRUE">geo_2000_d_dec_00000_400_py_z1</title><ftname Sync="TRUE">geo_2000_d_dec_00000_400_py_z1</ftname><geoform Sync="TRUE">vector digital data</geoform><onlink Sync="TRUE"></onlink></citeinfo></citation><timeperd><current>REQUIRED: The basis on which the time period of content information is determined.</current><timeinfo><sngdate><caldate>REQUIRED: The year (and optionally month, or month and day) for which the data set corresponds to the ground.</caldate></sngdate></timeinfo></timeperd><status><progress>REQUIRED: The state of the data set.</progress><update>REQUIRED: The frequency with which changes and additions are made to the data set after the initial data set is completed.</update></status><spdom><bounding><westbc Sync="TRUE">-170.815912</westbc><eastbc Sync="TRUE">145.795033</eastbc><northbc Sync="TRUE">71.307563</northbc><southbc Sync="TRUE">-14.378800</southbc></bounding><lboundng><leftbc Sync="TRUE">-170.815912</leftbc><rightbc Sync="TRUE">145.795033</rightbc><bottombc Sync="TRUE">-14.378800</bottombc><topbc Sync="TRUE">71.307563</topbc></lboundng></spdom><keywords><theme><themekt>REQUIRED: Reference to a formally registered thesaurus or a similar authoritative source of theme keywords.</themekt><themekey>REQUIRED: Common-use word or phrase used to describe the subject of the data set.</themekey></theme></keywords><accconst>REQUIRED: Restrictions and legal prerequisites for accessing the data set.</accconst><useconst>REQUIRED: Restrictions and legal prerequisites for using the data set after access is granted.</useconst><natvform Sync="TRUE">Shapefile</natvform></idinfo><dataIdInfo><envirDesc Sync="TRUE">Microsoft Windows Server 2003 Version 5.2 (Build 3790) Service Pack 2; Esri ArcGIS 10.1.1.3143</envirDesc><dataLang><languageCode Sync="TRUE" value="en"></languageCode><countryCode value="US" Sync="TRUE"></countryCode></dataLang><idCitation><resTitle Sync="TRUE">RegulatedArea2000_2010UrbanizedArea</resTitle><presForm><PresFormCd Sync="TRUE" value="005"></PresFormCd></presForm></idCitation><spatRpType><SpatRepTypCd Sync="TRUE" value="001"></SpatRepTypCd></spatRpType><dataExt><geoEle><GeoBndBox esriExtentType="native"><westBL Sync="TRUE">-170.815912</westBL><eastBL Sync="TRUE">145.795033</eastBL><northBL Sync="TRUE">71.307563</northBL><southBL Sync="TRUE">-14.3788</southBL><exTypeCode Sync="TRUE">1</exTypeCode></GeoBndBox></geoEle></dataExt><geoBox esriExtentType="decdegrees"><westBL Sync="TRUE">-170.815912</westBL><eastBL Sync="TRUE">145.795033</eastBL><northBL Sync="TRUE">71.307563</northBL><southBL Sync="TRUE">-14.3788</southBL><exTypeCode Sync="TRUE">1</exTypeCode></geoBox></dataIdInfo><metainfo><langmeta Sync="TRUE">en</langmeta><metstdn Sync="TRUE">FGDC Content Standards for Digital Geospatial Metadata</metstdn><metstdv Sync="TRUE">FGDC-STD-001-1998</metstdv><mettc Sync="TRUE">local time</mettc><metc><cntinfo><cntorgp><cntper>REQUIRED: The person responsible for the metadata information.</cntper><cntorg>REQUIRED: The organization responsible for the metadata information.</cntorg></cntorgp><cntaddr><addrtype>REQUIRED: The mailing and/or physical address for the organization or individual.</addrtype><city>REQUIRED: The city of the address.</city><state>REQUIRED: The state or province of the address.</state><postal>REQUIRED: The ZIP or other postal code of the address.</postal></cntaddr><cntvoice>REQUIRED: The telephone number by which individuals can speak to the organization or individual.</cntvoice></cntinfo></metc><metd Sync="TRUE">20090203</metd></metainfo><mdLang><languageCode Sync="TRUE" value="en"></languageCode><countryCode value="US" Sync="TRUE"></countryCode></mdLang><mdStanName Sync="TRUE">ISO 19115 Geographic Information - Metadata</mdStanName><mdStanVer Sync="TRUE">DIS_ESRI1.0</mdStanVer><mdChar><CharSetCd Sync="TRUE" value="004"></CharSetCd></mdChar><mdHrLv><ScopeCd Sync="TRUE" value="005"></ScopeCd></mdHrLv><mdHrLvName Sync="TRUE">dataset</mdHrLvName><distinfo><resdesc Sync="TRUE">Downloadable Data</resdesc><stdorder><digform><digtinfo><transize Sync="TRUE">50.203</transize><dssize Sync="TRUE">50.203</dssize></digtinfo></digform></stdorder></distinfo><distInfo><distributor><distorTran><onLineSrc><orDesc Sync="TRUE">002</orDesc><linkage Sync="TRUE">file://</linkage><protocol Sync="TRUE">Local Area Network</protocol></onLineSrc><transSize Sync="TRUE">50.203</transSize></distorTran><distorFormat><formatName Sync="TRUE">Shapefile</formatName></distorFormat></distributor><distFormat><formatName Sync="TRUE">Shapefile</formatName></distFormat><distTranOps><transSize Sync="TRUE">0.000</transSize></distTranOps></distInfo><spdoinfo><direct Sync="TRUE">Vector</direct><ptvctinf><esriterm Name="RegulatedArea2000_2010UrbanizedArea"><efeatyp Sync="TRUE">Simple</efeatyp><efeageom code="4" Sync="TRUE"></efeageom><esritopo Sync="TRUE">FALSE</esritopo><efeacnt Sync="TRUE">0</efeacnt><spindex Sync="TRUE">FALSE</spindex><linrefer Sync="TRUE">FALSE</linrefer></esriterm></ptvctinf></spdoinfo><spref><horizsys><cordsysn><geogcsn Sync="TRUE">GCS_WGS_1984</geogcsn></cordsysn><geodetic><horizdn Sync="TRUE">D_WGS_1984</horizdn><ellips Sync="TRUE">WGS_1984</ellips><semiaxis Sync="TRUE">6378137.000000</semiaxis><denflat Sync="TRUE">298.257224</denflat></geodetic><geograph><geogunit Sync="TRUE">Decimal degrees</geogunit><latres Sync="TRUE">0.000000</latres><longres Sync="TRUE">0.000000</longres></geograph></horizsys></spref><refSysInfo><RefSystem><refSysID><identCode Sync="TRUE" code="4326">GCS_WGS_1984</identCode><idCodeSpace Sync="TRUE">EPSG</idCodeSpace><idVersion Sync="TRUE">7.11.2</idVersion></refSysID></RefSystem></refSysInfo><spatRepInfo><VectSpatRep><geometObjs Name="RegulatedArea2000_2010UrbanizedArea"><geoObjTyp><GeoObjTypCd value="002" Sync="TRUE"></GeoObjTypCd></geoObjTyp><geoObjCnt Sync="TRUE">0</geoObjCnt></geometObjs><topLvl><TopoLevCd value="001" Sync="TRUE"></TopoLevCd></topLvl></VectSpatRep></spatRepInfo><eainfo><detailed Name="RegulatedArea2000_2010UrbanizedArea"><enttyp><enttypl Sync="TRUE">RegulatedArea2000_2010UrbanizedArea</enttypl><enttypt Sync="TRUE">Feature Class</enttypt><enttypc Sync="TRUE">0</enttypc></enttyp><attr><attrlabl Sync="TRUE">FID</attrlabl><attalias Sync="TRUE">FID</attalias><attrtype Sync="TRUE">OID</attrtype><attwidth Sync="TRUE">4</attwidth><atprecis Sync="TRUE">0</atprecis><attscale Sync="TRUE">0</attscale><attrdef Sync="TRUE">Internal feature number.</attrdef><attrdefs Sync="TRUE">ESRI</attrdefs><attrdomv><udom Sync="TRUE">Sequential unique whole numbers that are automatically generated.</udom></attrdomv></attr><attr><attrlabl Sync="TRUE">Shape</attrlabl><attalias Sync="TRUE">Shape</attalias><attrtype Sync="TRUE">Geometry</attrtype><attwidth Sync="TRUE">0</attwidth><atprecis Sync="TRUE">0</atprecis><attscale Sync="TRUE">0</attscale><attrdef Sync="TRUE">Feature geometry.</attrdef><attrdefs Sync="TRUE">ESRI</attrdefs><attrdomv><udom Sync="TRUE">Coordinates defining the features.</udom></attrdomv></attr><attr><attrlabl Sync="TRUE">UA</attrlabl><attalias Sync="TRUE">UA</attalias><attrtype Sync="TRUE">String</attrtype><attwidth Sync="TRUE">5</attwidth><atprecis Sync="TRUE">0</atprecis><attscale Sync="TRUE">0</attscale></attr></detailed></eainfo><mdDateSt Sync="TRUE">20140531</mdDateSt><dataqual><lineage><procstep><procdesc Sync="TRUE">Dataset copied.</procdesc><srcused Sync="TRUE"></srcused><date Sync="TRUE">20090331</date><time Sync="TRUE">08574300</time></procstep></lineage></dataqual></metadata>
